[
  {
    "name": "Switzerland",
    "lat": 46.8182,
    "lon": 8.2275
  },
  {
    "name": "Hungary",
    "lat": 47.1625,
    "lon": 19.5033
  },
  {
    "name": "Austria",
    "lat": 47.5162,
    "lon": 14.5501
  },
  {
    "name": "Spain",
    "lat": 40.4637,
    "lon": -3.7492
  },
  {
    "name": "Czechia",
    "lat": 49.8175,
    "lon": 15.4730
  },
  {
    "name": "South Korea",
    "lat": 35.9078,
    "lon": 127.7669
  },
  {
    "name": "Taiwan",
    "lat": 23.6978,
    "lon": 120.9605
  },
  {
    "name": "Portugal",
    "lat": 39.3999,
    "lon": -8.2245
  },
  {
    "name": "Scotland",
    "lat": 56.4907,
    "lon": -4.2026
  },
  {
    "name": "England",
    "lat": 52.3555,
    "lon": -1.1743
  },
  {
    "name": "Croatia",
    "lat": 45.1,
    "lon": 15.2000
  },
  {
    "name": "Israel",
    "lat": 31.0461,
    "lon": 34.8516
  },
  {
    "name": "Mexico",
    "lat": 23.6345,
    "lon": -102.5528
  },
  {
    "name": "Belgium",
    "lat": 50.8503,
    "lon": 4.3517
  },
  {
    "name": "Denmark",
    "lat": 56.2639,
    "lon": 9.5018
  },
  {
    "name": "Norway",
    "lat": 60.4720,
    "lon": 8.4689
  },
  {
    "name": "Finland",
    "lat": 61.9241,
    "lon": 25.7482
  },
  {
    "name": "Netherlands",
    "lat": 52.1326,
    "lon": 5.2913
  },
  {
    "name": "Romania",
    "lat": 45.9432,
    "lon": 24.9668
  },
  {
    "name": "Vietnam",
    "lat": 14.0583,
    "lon": 108.2772
  },
  {
    "name": "France",
    "lat": 46.6034,
    "lon": 1.8883
  },
  {
    "name": "Puerto Rico",
    "lat": 18.2208,
    "lon": -66.5901
  },
  {
    "name": "Japan",
    "lat": 36.2048,
    "lon": 138.2529
  },
  {
    "name": "Germany",
    "lat": 52.5200,
    "lon": 13.4050
  },
  {
    "name": "Asheville, NC",
    "lat": 35.5951,
    "lon": -82.5515
  },
  {
    "name": "Boston, MA",
    "lat": 42.3601,
    "lon": -71.0589
  },
  {
    "name": "New York, NY",
    "lat": 40.7128,
    "lon": -74.0060
  },
  {
    "name": "Atlanta, GA",
    "lat": 33.7490,
    "lon": -84.3880
  },
  {
    "name": "Portland, OR",
    "lat": 45.5051,
    "lon": -122.6750
  },
  {
    "name": "Los Angeles, CA",
    "lat": 34.0522,
    "lon": -118.2437
  },
  {
    "name": "Las Vegas, NV",
    "lat": 36.1699,
    "lon": -115.1398
  },
  {
    "name": "Salt Lake City, UT",
    "lat": 40.7608,
    "lon": -111.8910
  },
  {
    "name": "Tucson, AZ",
    "lat": 32.2226,
    "lon": -110.9747
  },
  {
    "name": "Denver, CO",
    "lat": 39.7392,
    "lon": -104.9903
  },
  {
    "name": "Minneapolis, MN",
    "lat": 44.9778,
    "lon": -93.2650
  },
  {
    "name": "Tulsa, OK",
    "lat": 36.1538,
    "lon": -95.9928
  },
  {
    "name": "Austin, TX",
    "lat": 30.2672,
    "lon": -97.7431
  },
  {
    "name": "Cincinnati, OH",
    "lat": 39.1031,
    "lon": -84.5120
  },
  {
    "name": "Orlando, FL",
    "lat": 28.5383,
    "lon": -81.3792
  },
  {
    "name": "Portland, ME",
    "lat": 43.6591,
    "lon": -70.2568
  },
  {
    "name": "Australia",
    "lat": -25.2744,
    "lon": 133.7751
  },
  {
    "name": "Thailand",
    "lat": 13.7563,
    "lon": 100.5018
  },
  {
    "name": "Singapore",
    "lat": 1.3521,
    "lon": 103.8198
  },
  {
    "name": "Seattle, WA",
    "lat": 47.6062,
    "lon": -122.3321
  },
  {
    "name": "Bangladesh",
    "lat": 23.8103,
    "lon": 90.4125
  }
]
